Date,Time,Open,High,Low,Close,Volume,SMA20,SMA50,SMA100,SMA200,"EMA20,ffd=True","EMA50,ffd=True","EMA100,ffd=True","EMA200,ffd=True","ADX14,ffd=True","BBP13,method=EMA,ffd=True","RSI14,method=RMA,ffd=True",Stoch5-3-3_line,Stoch5-3-3_signal,Stoch14-3-3_line,Stoch14-3-3_signal,Stoch21-5-5_line,Stoch21-5-5_signal,"StochRSI13-8-5-5_line,rsi-method=[rma,True]","StochRSI13-8-5-5_signal,rsi-method=[rma,True]","StochRSI21-13-8-8_line,rsi-method=[sma,True]","StochRSI21-13-8-8_signal,rsi-method=[sma,True]","CCI14,method=SMA","CCI20,method=SMA","CCI30,method=SMA","MACD6-13-5_line,method=[EMA,True],SMA","MACD6-13-5_signal,method=[EMA,True],SMA","MACD12-26-9_line,method=[EMA,True],SMA","MACD12-26-9_signal,method=[EMA,True],SMA","MACD24-52-18_line,method=[EMA,True],SMA","MACD24-52-18_signal,method=[EMA,True],SMA"
20210714,0,21000,21000,21000,21000,130647500,,,,,,,,,,,,,,,,,,,,,,,,,,,,,,
20210726,0,25200,26460,25200,26460,43441127,,,,,,,,,,,,,,,,,,,,,,,,,,,,,,
20210727,0,26590,26590,26590,26590,2540662,,,,,,,,,,,,,,,,,,,,,,,,,,,,,,
20210728,0,27910,27910,27910,27910,3054493,,,,,,,,,,,,,,,,,,,,,,,,,,,,,,
20210731,0,29300,29300,29300,29300,2808446,,,,,,,,,,,,100.0,100.0,,,,,,,,,,,,,,,,,
20210801,0,30760,30760,30760,30760,3347888,,,,,,,,,,,,100.0,100.0,,,,,,,,,,,,,,,,,
20210802,0,32290,32290,32290,32290,4891956,,,,,,,,,,,,100.0,100.0,,,,,,,,,,,,,,,,,
20210803,0,33900,33900,33900,33900,3282963,,,,,,,,,,,,100.0,100.0,,,,,,,,,,,,,,,,,
20210804,0,35590,35590,35590,35590,5063403,,,,,,,,,,,,100.0,100.0,,,,,,,,,,,,,,,,,
20210807,0,37360,37360,37360,37360,39914124,,,,,,,,,,,,100.0,100.0,,,,,,,,,,,,,,,,,
20210808,0,39220,39220,39220,39220,10016511,,,,,,,,,,,,100.0,100.0,,,,,,,,,,,,,,,,,
20210810,0,41180,41180,41180,41180,6227222,,,,,,,,,,,,100.0,100.0,,,,,,,,,,,,,,,,,
20210811,0,43230,43230,43230,43230,4916061,,,,,,,,,,21107.692307692305,,100.0,100.0,,,,,,,,,,,,5921.401541563206,,,,,
20210814,0,45390,45390,45390,45390,5192343,,,,,,,,,,21795.164835164833,100,100.0,100.0,100.0,100.0,,,,,,,134.74831259656824,,,6045.836265951737,,,,,
20210815,0,47650,47650,47650,47650,5928400,,,,,,,,,,22555.855572998422,100,100.0,100.0,100.0,100.0,,,,,,,137.38178598736366,,,6198.109106763011,,,,,
20210822,0,50030,50030,45270,50030,93337129,,,,,,,,,,18653.5904911415,100,100.0,100.0,100.0,100.0,,,,,,,123.36945304437567,,,6378.35333147346,,,,,
20210823,0,50990,52530,50500,52530,20978626,,,,,,,,,,22324.50613526415,100,100.0,100.0,100.0,100.0,,,,,,,134.93341247171423,,,6585.508843276868,6225.841817805656,,,,
20210824,0,54870,54880,53240,54590,41658412,,,,,,,,,,23346.719544512132,100,98.99410336455082,99.66470112151694,99.62210059942663,99.87403353314221,,,,,,,134.60401154298344,,,6737.828183430916,6389.1271461791985,,,,
20210825,0,54980,56700,52450,54760,22005328,,,,,,,,,,20841.473895296105,100,93.33647723448375,97.44352686634487,97.12916819130533,98.91708959691066,,,,,,,118.54343306939485,,,6580.357241344369,6496.031341257725,,,,
20210828,0,55300,57710,55110,57690,18535925,39371.5,,,,39371.5,,,,,20644.120481682374,100,93.28288666642372,95.20448908848611,97.10294212259303,97.951403637775,,,,,,,120.41454604207779,129.46507636967686,,6633.931879195698,6583.195895744262,,,,
20210829,0,58000,59260,55000,56000,17828141,41121.5,,,,40955.16666666667,,,,,19252.103270013453,93.69223064124287,81.8839126778242,89.50109219291056,93.19587832653127,95.80932954680988,91.47935180345007,91.47935180345007,,,,,104.55304045318854,116.19187739463604,,6154.531376688523,6538.431504787275,,,,
20210830,0,55100,57600,54450,54450,14051214,42521.0,,,,42240.38888888889,,,,,15057.517088582958,88.19731718363492,63.99773068258535,79.72151000894442,88.91511688871537,93.07131244594656,88.67860719943496,90.07897950144252,,,,,82.06979542719603,96.57300153337398,,5388.386931207046,6299.00712237331,,,,
20210831,0,53010,56570,52260,54900,15292381,43936.5,,,,43446.06613756614,,,,,10007.871790213947,88.40984319360071,43.28941648874061,63.057019949716725,82.30511769106543,88.13870430210403,88.00387913897644,89.3872793806205,,,,,62.83094618055543,81.80912684062609,,4763.670457189517,5904.17557712503,,,,
20210901,0,55500,57150,54170,57150,5558081,45398.5,,,,44751.202695893175,,,,,10286.747248754808,89.43427992272474,45.646668065170275,50.97793841216541,83.08043351577773,84.76688936518617,89.32029372424827,89.37053296652743,,,,,71.93940708789034,86.24698953474352,,4508.184025864932,5489.740934029143,,,,
20210904,0,59450,59450,59450,59450,1913276,46906.0,,,,46151.08815342716,,,,,15314.354784646974,90.37119105639795,69.19047619047619,52.70885358146236,89.85412736171493,85.07989285618602,91.45623497939862,89.78767336910167,10.665613979950763,,,,106.33982449127224,103.45351950513495,,4496.327679100301,5062.220094010064,,,,
20210907,0,62420,62420,62420,62420,3521292,48489.0,,,,47700.508329291246,,,,,18218.018386840267,91.42821292083563,89.95238095238096,68.26317506934248,96.49035262807718,89.80830450185663,93.1603646187086,90.12387593215337,19.514920535012653,,,,139.58883994126288,118.58231016489955,,4729.830826832142,4777.279984038787,10512.936869996309,,,
20210908,0,63500,64990,62490,62730,20242244,50011.0,,,,49131.88848840636,,,,,18166.872903005933,91.53269612325947,94.08222047656454,84.4083592064739,96.17985125084516,94.17477708021242,94.60252910268274,91.30866031280293,28.608242221052137,,,,149.30521091811423,116.94256712904878,,4724.023332511548,4644.407264299688,10427.1245354056,,,
20210911,0,64680,66560,61320,62500,8354563,51441.0,,,,50405.04196570099,,,,91.41383902498926,16325.89105971936,90.64983389079474,83.15943328259091,89.0646782371788,89.82318928121936,94.1644643867139,94.78542282117742,92.66496904924313,35.42803474187886,,,,133.19978459881526,110.62423194557527,,4494.793302008664,4590.631833263517,10222.717440949571,,,
20210912,0,61110,63670,60440,61300,8507940,52726.5,,,,51442.65701658661,,,,90.46688622163866,10977.906622616589,85.98967133174195,58.49933014147512,78.58032796687685,81.58771096589135,89.19691716598528,92.73467967776395,93.34784623994626,31.697937320359348,25.18294975965075,,,87.65644997888059,90.66762050487189,,3999.5588628432815,4488.906800659187,9850.344732290861,,,
20210913,0,59830,64100,59810,64100,15430277,54063.5,,,,52648.11825310216,,,,89.23643048843964,8625.348533671364,87.59247615566025,52.268961516762424,64.64257498027615,80.30200666398765,83.90430230369945,91.04974817091463,93.26654887824945,29.56596224223241,28.96301941210708,,,86.72586476609592,95.9412028244193,95.84736122441949,3933.106803646391,4376.262625568405,9669.706915167473,,,
20210914,0,64910,65500,62510,63450,8411227,55275.0,,,,53676.868895663865,,,,88.21226664482053,11066.013028861169,85.15695203721711,47.83372401937803,52.867338559205194,79.40925138419622,80.43298967135841,88.77469330624749,92.38941461575726,20.760180824924742,29.212071470089494,,,93.4639170517506,104.11542826523453,97.87046188049214,3639.0297550096657,4158.10241120391,9366.133617818181,,,
20210915,0,63690,63690,61000,61210,6886582,56276.5,,,,54394.30995321969,,,,86.42271452913339,6963.725453309569,77.19143300748215,46.074074074074076,48.72558653673818,75.17386722866175,78.29504175894854,85.9410382574841,90.65711644671752,11.666859138885258,25.823794853656125,,,49.78816654492336,76.0259417082328,82.56272591013192,2990.4507556398457,3811.3878958295695,8842.865266700443,,,
20210918,0,60750,61800,58800,58800,12977643,57055.0,,,,54813.89948148448,,,,83.65055181709194,2891.7646742653305,69.64349638639708,24.888888888888886,39.59889566078033,62.1911421911422,72.25808693466672,81.7748810241045,88.05500808730292,4.1867021613550985,19.575528337551372,,,-2.3336902506657236,40.490029159083306,65.40984788407472,2127.016643550567,3337.83256413795,8139.873079736972,,,
20210919,0,57550,60250,56100,57700,11162129,57670.5,,,,55088.76619753357,,,,79.89711230213288,-1028.4874220583006,66.44966304428428,12.587339112161807,27.850100691708253,48.78787878787879,62.050962735894245,76.84856026004444,84.87778420375903,4.1867021613550985,14.073281305750521,,,-46.76903933712287,5.72141372141372,50.52940107943015,1354.4236506979214,2808.805521708878,7408.584351150348,9382.254089912862,,
20210920,0,58840,60020,57360,59980,9049639,58287.0,,,,55554.59798824466,,,,76.41177560967091,-367.2749331928353,69.56517445336013,19.43262411347518,18.969617371508622,45.92074592074592,52.29992229992231,72.3521859895335,81.1382717674828,4.236925153493922,9.007473888002824,,,-26.150281363786625,16.43238838481192,55.30507765552681,1151.8392203514886,2252.5520050498976,6933.089371760259,8984.493256775524,,
20210921,0,60000,60890,56760,58120,5706968,58691.5,,,,55798.921989364215,,,,73.37283499538687,118.05005726327363,64.31797466266057,28.30394602827535,20.10796975130411,44.33566433566434,46.348096348096355,66.69863587533732,76.72306028130076,4.487071744553614,5.752852071928598,,,-49.2479474548439,-3.5880836122236235,48.34898948055077,715.0798050230005,1667.7620150525647,6333.164936377594,8529.608856883522,,
20210922,0,58930,60080,56100,58570,6028562,58993.5,,,,56062.83418085334,,,,70.24749315607565,-1295.957093774341,65.00570351068059,37.07463160747157,28.270400583074036,43.49251501793875,44.58297509144967,60.96436712154074,71.72772605411211,5.6748203420058765,4.554444312552722,,,-73.88741526672555,-20.19458752350572,42.60109835247123,482.77486482095264,1166.226836888786,5826.863285449552,8041.180617383521,,
20210925,0,58100,60020,57590,58560,2844907,59192.0,,,,56300.659496962544,,,,67.34539001957238,184.89391962198715,64.97573320978123,40.43476427156195,35.27111396910296,33.33656516791624,40.38824817383978,56.427934844002586,66.65833681809173,6.838874659011077,5.084878812083917,,,-70.95111540629776,-15.245831287135593,44.21125719533234,319.41368245965714,804.7062446706041,5362.987481611912,7542.585367308082,,
20210926,0,59000,59000,56530,58600,5241011,59384.0,,,,56519.64430677563,,,,64.13381300994023,-1862.94806889545,65.04515434385128,48.96079795871028,42.156731279247936,27.64374937949816,34.824276521784384,53.61822412259623,62.01226959060208,8.102657315125088,5.868069842837914,,,-86.16091954023005,-40.245957983746756,33.55187042036258,212.07362458702846,576.2362394484255,4941.626239498524,7017.243070011532,,
20210928,0,58410,59800,57500,58950,2425236,59447.0,,,,56751.10675374938,,,,61.392228465078325,-165.38405905324908,65.68604822414989,54.34933890048712,47.91496704358645,24.88846398980242,28.622926179072277,49.15617325659985,57.37306704401534,6.222515548925026,6.265187921924135,,,-55.465367965368046,-23.755997391803582,37.90748945825044,187.69915549820143,383.40822647776804,4583.105309187486,6485.795480163677,,
20210929,0,58000,59600,57720,59050,2879610,59599.5,,,,56970.04896767801,,,,58.84647138770654,-236.04347918850544,65.87854476065868,61.93720865986159,55.082448506352996,26.449968132568518,26.327393833956364,46.581281731966655,53.349596215341215,8.876875901877685,7.143148753388951,3.29558633647054,,-47.78067092748723,-26.507008992097855,34.34942636751647,179.40053542347596,276.27237255786315,4257.9609300641605,5976.361664981868,,
20211002,0,59000,59820,57190,57500,4165002,59752.0,,,,57020.52049456582,,,,56.19271700364258,-180.89441073301714,60.237785530364555,53.80441848293696,56.69698868109523,23.44764926840514,24.92869379692536,43.86013986013986,49.92875076306104,7.689127304425421,7.54601014587286,3.29558633647054,,-65.25981775550035,-51.83440990231329,19.562045446833654,-54.43129463955847,168.8311406657609,3831.0476879582566,5497.603288117566,,
20211003,0,58180,58180,56030,56730,3429099,59843.5,,,,56992.85187603574,,,,53.114130936174334,-2447.909494914027,57.59930136727796,40.12798542741047,51.95653752340301,16.829352449696835,22.24232328355683,41.3006993006993,46.903303654400375,6.525072987420221,7.483249811554688,2.042560977924819,,-106.51287793952972,-97.4403602558258,-9.771687095586351,-305.3719540806196,43.87401335770555,3391.488336588016,5051.259286499529,,
20211004,0,56500,59920,55910,59900,6474426,59981.0,,,,57269.723125937104,,,,50.89158191233511,-1276.7795670691703,64.49433468757627,48.58820004998302,47.50686798677682,21.297073300301385,20.52469167280112,41.682961106689916,44.516251051219115,19.865748179683173,9.835867984466304,4.80865136224654,,-30.395551964292697,-50.65196888546654,15.234139204632719,6.312211734271841,2.721730787154229,3261.3322825334108,4643.286276585434,,
20211006,0,60000,61460,59700,60800,6216149,60048.5,,,,57605.93997108595,,,,49.32355641472894,3411.3317996549886,66.17606155522408,68.69300399432852,52.469729823907336,37.28369110554852,25.136705618515577,41.509416341595866,42.986899668218314,37.55248993014354,16.101862860710007,7.97734313945953,,137.5768659881254,19.009315595888754,59.98958965906134,325.45303930524096,30.272507548562135,3193.986858045806,4294.488712326347,,
20211009,0,60980,60980,58070,58070,3646793,59831.0,,,,57650.13616431586,,,,47.01941210852285,1531.1415425614105,57.308898584338515,75.50942463660668,64.26354289363941,47.0438786097691,35.20821433853967,36.069250873261375,40.88449349647727,41.06350617686054,22.53918891570658,7.844437979059858,,40.86195286195252,-32.547043501545645,10.149273623884019,117.56158519338351,17.904717502543644,2887.046860421091,3967.8424428787403,,
20211010,0,57010,58960,55910,57490,2235699,59569.0,,,,57634.88510104768,,,,43.90860235273223,-2286.164392090228,55.60422361246149,51.831831831831835,65.34475348758902,42.66475496057246,42.33077489196336,31.70771569482479,38.45400866341425,45.157870827904496,30.032937620402397,7.56735860743861,,-118.84672704344872,-86.85607305390393,-46.36451107951692,-97.37447182176402,9.316082066102535,2567.3981801120244,3657.221409378753,,
20211011,0,57490,59010,56800,57120,1595025,59300.0,,,,57585.84842475742,,,,41.03990080255193,-929.5694789344852,54.49069775594123,29.72972972972973,52.35699539938941,28.98086541550039,39.56316632861398,27.728267912560106,35.739522385786415,47.68545695406128,38.265014413730604,7.0436068117575275,5.484391443853496,-89.88841638498324,-77.31732096013576,-45.91614463623075,-277.8506507362763,14.8203427349712,2258.1874114355523,3359.061539593978,,
20211012,0,56880,57120,54550,54800,3515222,58975.0,,,,57320.52952716148,,,,38.75043958065318,-4049.6309819438466,47.999824638064744,17.962738425835386,33.17476666246565,17.962738425835386,29.869452933969413,18.935494244002832,31.19002901324899,33.08099910568431,40.908064598930835,6.313394335175331,5.861617443691594,-229.10541310541458,-169.91705895539116,-121.05807079134935,-708.433999021232,-128.12889941612957,1805.1227076413343,3050.39680608885,,
20211013,0,55830,55830,52510,54100,4502392,58475.0,51038.6,,,57013.81242933658,51038.6,,,37.32024728076413,-6305.397984523297,46.21118601692602,14.73062792099761,20.807698692187575,14.395036645843104,20.446213495726294,12.20043260395469,25.328232265720757,13.080999105684317,36.013766434039,6.31339433517533,6.238843443529693,-224.28225176711715,-224.0778701409764,-158.1097918498973,-1043.1407837254446,-401.8476640222667,1373.7458290829964,2729.9284615353877,,
20211016,0,54510,56170,54510,55950,6580459,58100.0,51737.6,,,56912.496959875956,51231.20392156863,,,35.83237890059993,-3573.198272448557,51.368880276985315,25.104386294755983,19.265917547196327,19.93968744189055,17.432487504523014,13.440476407964274,20.80247737266134,14.289216264495698,30.65890845156602,8.11882531793905,6.998376486031472,-112.20030935808278,-144.488769878135,-108.97574629557474,-941.2004158412747,-613.6000642291983,1167.6956156360611,2434.000453499588,,
20211017,0,56170,56170,53210,53210,5565135,57700.0,52272.6,,,56559.87820179253,51308.803767781625,,,34.880363629742654,-3754.1699478130613,44.55460407996897,27.488148215420946,22.441054143724845,21.34078212290503,18.558502070212896,11.725576393686598,16.8060495124337,11.507472784068009,23.928828842798723,5.352734933617329,7.06638693245282,-140.64889068595554,-182.77919431019137,-148.76493289066713,-1231.8001736329607,-840.4852045914377,774.3776921020035,2143.210381890031,4892.412788476882,
20211018,0,53750,53850,51510,52990,2231949,57409.5,52800.6,,,56219.889801621815,51374.73303179019,,,34.50605420643599,-6752.145669554055,44.04934297255742,30.024589789295675,27.539041433157536,20.377118366506647,20.55252931043408,12.329855127312845,13.726366955384247,9.850743362514404,16.36188612448935,1.9229887930925345,6.309592639156946,-152.47601191132705,-200.01143412514634,-187.67684753661766,-1390.8694060101916,-1063.0889556462207,439.84794925223105,1829.7121226365666,4577.73732708233,
20211019,0,53000,55460,53000,55460,3299963,57297.5,53351.6,,,56147.5193443245,51534.93957956312,,,33.36349798990218,-3481.839145332051,50.79591821544291,40.63821364755472,32.716983884090446,20.798031123962456,20.838643871124713,19.812932615208947,13.90185462962547,19.718424577073563,13.689371218767198,5.447246924459931,6.009943757331955,-71.79992492492468,-102.44715092111844,-125.59299686000539,-1078.6314092611428,-1137.1284376942028,369.7765216718981,1515.910974150577,4389.733353101852,
20211020,0,56970,57630,55770,56940,3833658,57145.5,53904.4,,,56222.99369248407,51746.902733305746,,,31.364580648937746,1181.2807325725153,54.34803395883914,66.62363345650394,45.76214563111811,36.381909547738694,25.852353012735932,28.279468528029394,17.117661814440414,33.863196442932626,17.84581068621686,10.985447332625206,6.43720484798028,7.427869858808997,-15.222124857272032,-56.52266994935495,-632.0109455673955,-1054.902470062593,428.72595565684605,1242.7642069545498,4272.5955456365555,
20211023,0,57300,57300,54100,54100,5118035,56944.5,54371.2,,,56020.8038170094,51839.18105748983,,,30.076913643335168,-244.6165149378503,47.29264602016271,71.93656671061366,59.73280460489078,40.10050251256282,32.42681439475465,28.18911684660457,20.06738990216847,32.94835715707421,21.577638864732563,13.136670076561753,7.198837756080808,-44.40911499735021,-70.7421266585242,-98.65883901007135,-738.4877659358244,-1014.359940081503,243.47293720451853,984.5502910759379,4035.966843493661,
20211025,0,53800,54490,52900,53010,2126241,56666.5,54785.6,,,55734.060596341835,51885.09552582356,,,29.259504774074408,-3451.0998699467455,44.88427119301531,51.85185185185185,63.470684006323154,31.892797319932995,36.125069793411505,29.951956087531926,23.712665840937536,36.058948843417355,26.487934076602432,13.913058278111883,8.148795748947878,-91.68021871832956,-117.86619785686966,-140.64773765609698,-929.2495838782997,-953.8498221305708,8.60549611276656,734.5967449289617,3768.2314963332174,
20211026,0,52600,55100,52400,54400,1890541,56458.5,55195.6,,,55607.00720621404,51983.719230693234,,,28.226178638176762,-3049.5141742400738,48.486912561042004,35.02366104716797,52.93735986987783,23.383584589614742,31.792294807370183,32.88442211055276,27.823579237585523,47.71144829731111,34.06007506356177,16.844481006268424,9.465181582834514,-67.01543750039188,-88.32946126194857,-116.15163675622857,-809.5425506235551,-837.5844510532436,-64.62233375812502,526.8472958845773,3578.5813165562067,
20211027,0,54400,55620,53010,54790,2039833,56268.0,55579.6,,,55529.19699609841,52093.76945694056,,,27.030025619974897,-1781.0121493486367,49.484620858588215,36.14953948437246,41.00835079446409,26.252098224314107,27.176160044620616,31.53768844221105,30.168530402985937,52.092228578221444,40.53483586379134,18.56670478185506,10.771166515824016,-40.965807031049295,-63.72372886189285,-93.22249727494051,-647.4956914625436,-751.3573074935236,-90.1470171753972,364.19253518920027,3416.366987390429,
20211101,0,55500,55500,52750,52930,2662122,55967.0,55891.0,,,55281.65442504142,52126.562811570344,,,26.01606508676649,-1510.8675565845479,45.00745221375452,31.585047020720335,34.25274918408692,27.538083707284517,25.724588840404454,23.47738693467337,29.208114084314737,45.3917732081152,42.84055121682786,19.509951481101563,12.540818584259544,-69.48332568456445,-81.32268653455911,-107.41940985843428,-787.5692188552857,-782.4689621511018,-257.49374045473814,205.8381622902226,3183.8365148915473,
20211102,0,52920,56010,52010,55700,4425748,55799.5,56220.6,,,55321.496860751766,52266.69760327347,,,25.353466116290857,-1975.029334215331,51.97601068429305,49.58807442671141,39.10755364393473,36.47856388595565,30.089581939184757,26.693467336683415,28.908984182330506,57.77820485845374,47.80652075710377,24.59865645072734,15.375277041463896,-12.526546669916483,-47.3424850404786,-75.68126049334883,-445.4685532240983,-723.8651196087565,-164.70278301884537,101.49588727679495,3085.441352400412,
20211103,0,55560,57950,54200,57230,4465543,55786.0,56541.6,,,55503.25906448969,52461.33691294902,,,23.80191209147545,1517.1177135297185,55.34215848304718,63.64837146980003,48.27383097241059,54.53995859213251,39.518868728457555,35.175879396984925,29.9537688442211,73.35499200149435,55.26572938871917,28.02742232230711,18.197798966194792,137.2506006476546,25.921925628760988,-9.47138595897794,0.7346523959786282,-537.8682723539008,31.924921901227208,56.171106460016745,3053.683396919885,
20211106,0,57760,59700,56160,57340,4749113,55816.5,56823.8,,,55678.18677263353,52652.65703400984,,,22.570382788973088,4648.95804016832,55.583208997932566,83.14652703891976,65.46099097847707,71.95697120914512,54.32516456241109,41.08542713567839,31.59396984924623,80.83163584299741,61.88976689785643,29.70171668769644,20.537332635578696,180.00316605983798,71.71140014535266,38.14480427780361,289.60458839209605,-318.0388445507706,194.38907906765235,36.68361283732278,3020.99900796415,
20211107,0,57340,57970,55670,55670,3675807,55605.0,57029.4,,,55677.40708000177,52770.98420914671,,,21.207592693742715,2410.5354630014044,51.07573309630687,68.2612864667481,71.68539499182263,70.26596591813983,65.58763190647248,42.85427135678392,33.857286432160805,80.06096362805619,67.48351390782338,32.12407857013525,22.910758697275384,82.55360623781631,29.097098395201492,-6.3835804613957325,216.07170886351378,-145.3253644855591,186.24117851066694,9.740859821080651,2912.3629443589234,
20211108,0,55000,57260,53860,54700,3093578,55300.0,57170.4,,,55584.32069143018,52846.63188721939,,,20.203290025667545,151.88753971547703,48.609949746266764,50.628521889900306,67.34544513185605,53.64265364265364,65.2885302566462,46.41206030150754,38.44422110552764,82.70471007921665,74.94610128204367,34.48503727781816,25.48225607223867,17.316404387219457,-8.686585055460895,-44.97832817337424,23.660896545457945,16.92065859458962,100.35617176646338,-6.161003005369922,2766.4010165201544,
20211109,0,54970,56700,54970,56000,2087708,55196.5,57289.8,,,55623.90919700826,52970.29338183823,,,19.270723262454883,554.475034041825,51.957464703540744,39.73953601605596,52.87644812423479,48.18884818884819,57.365822583213884,47.47252630629388,42.60003289944972,77.262162227924,78.84289275593771,40.27875805843337,28.411540703759286,45.89282019449605,33.774463417275285,-19.251827141001804,90.60689322642429,124.13574788469414,135.62739244531986,7.952541031580444,2683.7753973345243,
20211110,0,55740,58460,55630,58460,3824571,55245.0,57408.4,,,55894.01308300747,53185.575994315164,,,18.178786084893503,2145.2643148929783,57.58753063738941,50.13048435078469,46.83284741891365,59.216018773886134,53.68250686846266,52.946955841024916,46.154248188257725,77.262162227924,79.62432680122365,49.25110330008302,32.24709051853778,118.4008825920338,125.12439212151902,44.39780849252172,479.3245690218537,219.85373120986915,357.9552446302332,54.90560529695358,2706.496187603145,
20211113,0,58850,61790,58800,59800,12989111,55379.0,57512.6,,,56266.01183700676,53444.96517100869,,,18.36296065677497,7551.655127051112,60.31563731005009,63.43879378350522,51.10293805011529,72.78348970332026,60.062785555351525,57.3567675454615,49.40851627021435,77.262162227924,78.91043207820897,60.807856600836516,37.40932865850465,197.78872468527615,237.84156799380577,140.16825894766833,889.1792860793939,339.7686707473287,634.9590576568153,135.4729469449772,2775.0739251387567,
20211114,0,60530,60890,57460,57460,9353115,55512.0,57566.6,,,56379.72499538707,53602.41751724365,,,17.926938109540412,5042.847251758096,53.80683637449781,66.35659048639063,59.975289540226846,73.0844952190497,68.3613345654187,60.5708339866167,52.951828796180905,75.09134426655876,77.91650820590948,63.45781381984716,42.26672332964463,110.90146750524144,135.05196021586946,81.04022525478197,769.5319991317883,450.46072880098365,658.082169769863,237.20360363659952,2728.5089367830733,3436.011352110317
20211115,0,57890,58490,55620,57170,2693731,55665.5,57556.2,,,56454.98928154068,53742.322712645866,,,16.766227095142266,655.29764436408,53.042886191618294,50.85357089587655,60.2163183885908,62.71301976823449,69.52700156353481,65.17044683686012,56.70350610325143,74.85206653556921,76.34597949718,63.56936408165241,46.70946604956279,41.18369955267175,60.35786105362067,27.459416000958235,623.4405173625637,570.4166529644048,645.5651531089243,327.23337431746285,2666.7921314333653,3312.365760052344
20211116,0,56680,59310,55750,58430,4445034,55789.5,57604.8,,,56643.08554044156,53926.15319450289,,,15.992390871503643,1118.8265523120645,55.96806603819159,41.066079999370594,52.758747127212594,58.04362644853442,64.61371381193953,69.15090529876522,61.03918190174569,74.98779210370154,75.8911054723355,65.68778231880447,51.20772425345129,62.96279566978313,82.50879735044504,58.0451167081515,688.5502012849756,690.0053145761151,728.9143263448495,404.6766414778653,2657.3574286402145,3205.6779879166706
20211117,0,59290,61280,58630,61280,10764592,56193.0,57741.4,,,57084.69644135189,54214.53934373807,,,15.950458389073411,4737.565616267471,61.76932371429937,56.511737334657816,49.47712940996832,71.06339468302657,63.94001363326515,71.18677042801558,64.68714481914382,74.98779210370154,75.43623144749101,73.61419769242912,56.393989143738025,146.61524007318354,161.79960657402054,149.57182759370423,1107.4520403686984,815.630808845484,1013.2600965285965,495.6623100846369,2761.4356655527154,3115.217005275052
20211120,0,60930,62500,59030,60230,5326486,56555.0,57848.0,,,57384.24916122313,54450.439761630696,,,16.291800509103727,5602.199099657824,58.7008130684091,68.09432048044427,55.22404593815756,79.5965970122485,69.56787271460315,70.92733755129355,67.40125882031023,69.62000032300325,73.90779906650685,80.89861056162601,62.19568580421401,131.26755200152314,151.36478745572936,142.18581540336547,1168.7204299967416,871.5390376289536,1140.7303142335004,601.716658498285,2800.860593278114,3033.4539523662497
20211121,0,59200,62800,59200,62800,4927662,56922.0,57961.0,,,57900.03495539236,54777.87349646871,,,16.70158084347425,4690.456371135268,63.4825311054094,86.24667056148154,70.28424279219455,91.0485397525348,80.56951048260329,79.35146206491221,71.15738443596933,78.31302900384023,74.55213601396315,84.67346705285428,67.74502442851661,145.37160260866733,160.99686133235454,164.91933695121747,1525.671671401804,1022.7669720829566,1432.6146122731298,749.7453741101368,2935.92625203191,2972.34058617393
20211122,0,62820,64380,62010,62940,5550589,57222.0,58030.8,,,58380.03162630738,55097.95688876405,,,17.555865669932235,7856.105460973078,63.728898258572116,83.43994493698743,79.26031199297108,88.22404341874271,86.289726727842,86.01157549359777,75.32561016731685,88.46424378791646,77.27457146443261,84.67346705285428,72.17281989761302,159.3432039856854,173.58305790182408,203.56004250797025,1701.9409346538014,1238.4670555412042,1656.1408900845418,918.6913182922726,3052.551393699883,2932.5805804720785
20211123,0,62360,63480,62130,63390,2373905,57686.5,58050.2,,,58857.17147142096,55423.13504998899,,,18.349130151643223,5898.090395119783,64.55662384923399,88.6988765177087,86.12849733872588,92.30038022813689,90.52432113313813,90.94789374819264,79.68500785720235,94.63220821930172,81.20345468755264,84.67346705285428,75.15602120411525,124.83908442965269,146.22492675231027,183.06893023533004,1804.67962910793,1461.692941105795,1848.292351160897,1084.2843301290131,3165.601269625731,2909.6372445314964
20211124,0,63380,64450,62080,62650,5067914,58168.5,58048.6,,,59218.39323604753,55706.541518616876,,,19.37674145392534,6019.791767245522,62.04898934872203,77.62876581660169,83.25586242376595,86.6346578485335,89.05302716513769,89.04622097178417,83.25689796595607,90.48156911082556,84.30221008897745,87.83838428138988,78.2035925118081,104.92044390961354,128.35229320018533,163.78045644973446,1688.206191871359,1577.843771406327,1918.7438679453844,1226.9270868277429,3224.850401235177,2898.9974341895377
20211127,0,61210,62650,60080,60970,4094286,58497.0,58018.0,,,59385.212927852524,55912.951655141704,,,19.263957368643222,2015.53580049616,56.66730489621855,61.09552076887229,75.80772103439422,80.24366555721913,86.39290121129649,87.58239387377925,86.58790923045322,79.00487247488613,86.17918451935402,88.0797126975369,81.26738608879364,46.32606488323237,72.29351632871989,104.7903506362722,1307.9895489970804,1605.697595206395,1818.057804252945,1355.8132684369743,3196.5634803090943,2899.704487823846
20211128,0,60080,61600,60080,61000,1520372,58807.5,58012.0,,,59539.00217281895,56112.443747096935,,,19.159229289452686,781.887828996696,56.73946083841361,40.51886172997069,59.74771610514822,71.24974599873299,79.37602313482853,82.03577007956703,87.12477083338419,61.81845257791965,82.8802692341699,86.2187590021889,83.83375817421671,28.75684637475186,56.5213939826945,88.24382442387564,1026.1022350333515,1505.7837079327044,1720.8472665537047,1475.2890588197276,3163.139471126051,2904.02104997527
20211129,0,61800,61800,60010,60130,1256054,59167.5,57932.6,,,59595.287680169524,56269.99497270097,,,19.137629505340687,1003.0467105685821,53.93462931136059,19.15653999864526,40.25697416582941,60.607427608234445,70.70027972139552,77.41864587855174,85.40618491037496,41.81845257791966,73.55111099217054,79.38837846285772,84.55553077052028,10.280442050248892,43.5539250270449,76.1324485886018,687.3507270950067,1302.8656664209454,1555.6726599055473,1567.1510958820274,3087.23085176287,2905.8847974665473
20211130,0,60000,60010,57800,57800,4951369,59272.5,57819.6,,,59424.307901105756,56329.99516984996,,,17.98898558441445,-2253.102819512642,47.204460387765344,7.918444760550024,22.531282163055323,46.45734478260246,59.4381727965233,68.32797427652733,80.8822010160419,21.81845257791965,58.98835986389413,68.96661868442777,83.0640317858705,-88.13303099017395,-23.560518547041983,21.849191006630345,119.0395701084708,965.7376546210537,1222.6649463218782,1590.4183014146142,2912.2348261628285,2899.8423429220293
20211201,0,57050,60440,55500,58110,2185308,59316.5,57757.6,,,59299.13572004807,56399.79928083623,,,17.44026041587146,-3574.0881310108525,48.13182326075785,13.068733068733069,13.38123927597612,34.975483528094294,47.34675197297707,59.248304989539974,74.92261781959307,7.255262488065268,42.34309853934207,57.148240007619954,79.62337840521622,-93.30643279669516,-43.542631943335095,5.935460854153686,-189.47907988772204,590.2006002692375,972.5573080859831,1571.732411842668,2761.6240508167903,2891.4679599474666
20211204,0,57900,58000,55000,55150,1906015,59207.0,57684.6,,,58903.97993718635,56350.78754433285,,,17.119491126283474,-5197.789826580731,40.768240953112034,12.903126285479226,11.296768038254106,18.47929149396342,33.304039934886724,47.27942091823567,66.86202322848435,4.09975090470297,27.36207422530544,44.64824000761995,74.62022502456192,-144.75853945818596,-99.67493409096743,-49.68470529138978,-793.4913521348644,169.9044200428485,529.3953999742662,1471.3747215872386,2494.852023885338,2876.381904801088
20211205,0,55200,58350,55200,56700,1196936,59258.5,57664.6,,,58694.07708602575,56364.48215043745,,,16.64633471779686,-3962.391279926349,45.47255843822594,21.23645961881256,15.73610632434162,16.24624358330131,23.23367286845301,38.189595231805775,58.0927882589321,6.037711558167839,16.205926021355076,34.67584238433536,68.37052194099705,-117.1983331855656,-79.22757624977429,-33.56630494758151,-909.4788105663902,-217.2117890770998,299.80250444543344,1320.6704565162265,2316.6610837448534,2855.9866651572174
20211206,0,57300,58600,55600,57300,783719,59388.5,57611.0,,,58561.30783973758,56401.1691249301,,,16.077228190812566,-2896.3353827940155,47.220050452143205,23.16176470588235,19.10045020339138,14.638447971781305,16.454661016348677,31.63162784766311,48.93538465275437,12.495751190447725,10.341385743860691,27.235438841126218,60.79515376096409,-97.95941750020005,-72.44829167003755,-22.530734928182945,-857.6556703993047,-526.2130685759621,164.36872584654338,1133.5678314812985,2177.276467050695,2826.58556957097
20211207,0,59800,59800,57720,58700,2289719,59523.5,57622.6,,,58574.51661690543,56491.319355325,,,14.940772311675737,380.28395760513376,51.15367949784911,45.09803921568628,29.83208784679373,27.160493827160494,19.34839512741437,30.19214448787368,41.30821869502365,22.669864520368584,10.511668132350477,25.374118214683556,52.95695445060743,-39.20736720934035,-28.089692334434208,18.191789111400926,-590.920863341933,-668.2051552660429,168.06740385771263,939.048224360446,2106.4785340314847,2789.4413811761215
20211208,0,57800,60890,57800,60000,2595731,59600.5,57651.2,,,58710.27693910491,56628.91467472402,,,14.370813779157512,1141.6719636615308,54.5416389577893,65.06125370351876,44.4403525416958,38.80070546737213,26.866549088771308,32.74771503211279,36.008100703538204,34.55162531308971,15.970940697355365,25.262047808636655,45.3373655514134,-10.399257195914338,-3.195005508630188,37.23980030308797,-217.7803339867387,-673.8654060858462,272.75363416437904,767.347761017272,2092.386541904947,2754.101248127337
20211211,0,60600,61000,60030,60980,2099321,59659.5,57699.6,,,58926.441040142534,56799.545471793674,,,13.892569613829414,2851.4331117098773,56.96488084139595,84.1865072532145,64.78193339080651,51.78130511463845,39.247501469723694,42.96753906496798,35.14572433288467,49.76094712464071,25.103179941342912,28.2286043697228,38.94239378977153,28.65139338690995,35.92063204873039,65.20725651160427,159.5620445567256,-483.2547267475282,429.8410951264159,623.9026308586843,2115.013369880755,2723.446872485525
20211212,0,60970,61690,60290,60360,2048275,59804.5,57734.8,,,59062.97046489087,56939.171139566475,,,13.773527948592129,3438.3712386084517,54.96848322008203,87.56857847250681,78.93877980974669,57.63668430335097,49.406231628453845,48.947903889525435,37.2973860644286,60.19510981196303,35.93465959210195,35.802368325921925,34.796862494958305,41.4070000872826,36.148266695764804,63.66561710667454,295.5038255197942,-242.2581995302913,498.5581532006472,506.44546344702877,2102.4557968514055,2692.6190040528136
20211213,0,60710,60980,57680,57680,4085198,59830.0,57709.4,,,58931.25899204412,56968.22325174034,,,13.256798065753332,572.8896330929565,47.25858946443733,59.272030651341,77.0090387923541,49.45326278659612,52.95708406819518,48.123166566204546,40.595693808136886,62.30993373663024,45.89749610133846,38.63238217025561,32.48238026528776,-23.287537756991092,-41.778807934333905,-4.1446620763420015,-16.185036156683054,-73.964072681767,332.92555592888675,407.5855311811408,1971.723829794173,2648.74612428845
20211214,0,58590,59900,56620,57610,1461725,59789.0,57680.6,,,58805.42480232563,56993.39096735837,,,13.231923112588817,-1157.523171634617,47.07287177855567,32.562515586388265,59.80104157007869,39.732337379396206,48.940761489781096,45.77777777777778,43.712820466117705,60.50958239219385,53.46543967570351,42.04687138122087,32.15720918698787,-44.919122034608726,-70.88833817086596,-34.360592658634324,-216.3543377481401,0.9492324369915878,193.7783579988245,321.05453672701213,1847.0781749433736,2595.758212158742
20211215,0,57100,60000,57100,59000,1230651,59675.0,57710.6,,,58823.95577353271,57072.08151765804,,,13.153370080882526,-623.5912899725372,51.1759321978434,22.156476002629848,37.997007413453034,40.43365494345886,43.206418369817065,43.66137566137566,45.89555259197027,60.891388813005356,58.73339237568664,45.12470162396744,33.46331659194189,-6.022938305477193,-41.488489435509116,-14.368828266387945,-131.5047535082922,18.20434853268089,193.43478858924937,283.7255799064547,1789.9025780831726,2532.0902302727013
20211218,0,57310,59950,56440,57000,2282396,59513.5,57716.0,,,58650.24569986293,57069.254791475374,,,13.372875764387224,-801.6496771193342,45.68774198134837,25.712031558185405,26.81034104906784,40.78431372549019,40.31676868278175,35.23809523809524,44.34966382659574,53.11263847301829,59.40373064536216,44.3859822994247,35.607134524229195,-47.62313860252011,-68.58326189883662,-47.40907654024822,-359.9027732182585,-85.68861502231593,31.417065677596838,253.9049755989173,1649.354211721402,2454.134831273897
20211219,0,57300,57300,55500,56170,752494,59182.0,57641.4,,,58414.03182368551,57033.98989769203,,,13.975832653832649,-3698.556866102299,43.59813741374028,23.27858160929469,23.71569639003665,35.241361118438405,38.81977659579582,26.37037037037037,39.83415712276472,43.1939300062957,56.00349468422869,40.45958937474705,37.49281841923713,-116.8764668231274,-111.10105744463937,-100.83013738530981,-603.6198149501433,-265.5133431163034,-162.08875216689194,217.63192248631336,1484.870701842723,2360.760910841507
20211220,0,57000,57900,55820,57150,909608,58892.5,57568.4,,,58293.647840477366,57038.53931346882,,,14.154265316964466,-2464.4773138019664,46.697987477861055,19.853203568532034,22.947938912004044,26.346024209384797,34.123899684437795,25.248677248677247,35.25925925925926,43.85400609863812,52.31230915663027,36.39584663021108,38.884543271933936,-68.60839551879043,-82.67951008570925,-81.99133083703549,-588.1967868288339,-379.9156932507336,-233.67207096623315,172.9942030614305,1376.1924830540083,2258.0576931647756
20211221,0,56700,59180,56010,59180,1702531,58682.0,57590.6,,,58378.06233186047,57122.51816392103,,,13.558678626380715,-1305.2662689731224,52.51927713693363,43.55690727223574,28.89623081668749,37.369207772795214,32.98553103353947,28.571428571428573,31.817989417989416,50.153204885512636,50.24103365529403,34.14168573904168,39.6236784430988,-2.9181936284488366,-32.012064885907215,-42.68410998952172,-264.746084435028,-389.59404258811117,-125.1556162253546,128.78206412923788,1361.623184509568,2156.1165656203575
20211222,0,61820,61820,61820,61820,3403543,58640.5,57677.2,,,58705.86591930233,57306.73313788491,,,13.451469012836197,6124.057483737313,58.81829070227662,72.81481481481481,45.40830855186086,64.87294469357249,42.86272555858417,34.539682539682545,29.993650793650794,56.60346687031055,49.38344926675506,37.40300901317702,39.82375852900568,168.65375062096345,143.24413455196452,93.08207917035548,321.2337776197455,-299.04633636250367,171.88896359983482,100.12071618183998,1456.1920298449113,2061.28615221585
20211225,0,62300,63940,59610,60190,3368739,58601.5,57738.6,,,58847.21202222592,57419.80242659531,,,12.687160756389066,5624.906414631972,54.05043830156958,79.11549938564157,65.16240715756403,72.68334525842018,58.30849924159596,41.91761656191186,31.329555058414122,62.67973013111829,51.29686759837506,43.138256198680054,40.386992782558735,114.39860913545097,116.1348039504197,68.37201632518433,434.02823285247723,-140.26013514835648,272.62885988908965,75.01746136944469,1466.625605285648,1971.2525274115599
20211226,0,59300,61400,59300,61320,3630770,58617.5,57869.0,,,59082.715639156784,57572.75135104256,,,12.113404577304127,2101.348355398819,56.67253785681416,74.43423684231006,75.45485034758882,74.84202211690364,70.79943735629877,53.580128546571494,36.771506693654345,74.0825959515837,57.47460078743266,50.74075986752929,41.47372884334729,72.11832709962596,90.50221799746495,44.15563184567628,646.7991959397623,109.82366702962463,438.5916976098597,86.75814377844169,1519.1932140183635,1893.8613267368673
20211227,0,60300,62400,59810,61000,1773189,58661.0,58007.0,54522.8,,59265.31414971328,57707.15325884482,54522.8,,11.391612442565124,3125.4414474846853,55.703136393438136,62.076103172700975,71.87527980021754,63.23064770932069,70.25200502821484,62.45268278825326,44.21230780156955,80.16160660415338,64.73612088853572,55.48907411626412,42.769275404884375,77.19852553975763,106.34509675864405,54.841997961263715,704.9528796283121,368.45360032105384,538.0943004097717,125.01547071299137,1547.6196534050832,1826.4166379917724
20211228,0,60000,61100,59710,60000,994023,58771.0,58088.0,54912.8,,59335.28423069297,57797.068817321495,54631.2594059406,,10.671760049880266,1594.6640978440118,52.67107561812052,48.5819320118359,61.69742400894898,62.48025276461296,66.85097419694577,64.79180426831434,51.456382940946696,76.55674539624752,70.01682899068268,61.04401824010052,44.85152989746885,38.29613777641888,61.593562079943396,22.37291892214461,568.9264459834085,535.1881064047411,530.1479715446403,162.4280465969237,1525.8488872065936,1772.583130398509
20211229,0,60760,60760,59370,60000,2189404,58865.5,58223.8,55248.2,,59398.59049443649,57883.45827546575,54737.57110087247,,9.991704606269904,802.5692267234263,52.67107561812052,31.032670928092074,47.23023537087632,57.26698262243286,60.992627698788844,61.54362416107383,56.85717126522495,67.62484496070064,72.2211046087607,67.68767197324911,48.25504022228161,31.413282971356395,46.30938145450591,14.21953416548716,462.42346840557,563.426044561906,517.8806429859833,216.47955518674442,1501.9692613200605,1727.3224735971316
20220101,0,60000,60900,58900,60000,1739409,59108.0,58364.0,55582.3,,59455.86759020445,57966.459911722,54841.77761372648,,9.606991691237896,376.4879086200672,52.67107561812052,20.53366174055829,33.382754893495424,53.317535545023695,57.68825697735651,61.118568232662184,60.697361599375014,65.1861097927821,72.72238054109346,72.67292648172987,52.78967520372146,30.448087431693764,35.35881646721739,10.942505186947342,378.34313648421085,552.2890252882528,502.3677144230969,290.30805147452094,1476.2947871991637,1688.3790469387131
20220102,0,59500,61400,59500,60600,1178499,59303.0,58466.8,55909.2,,59564.83258161355,58069.73599361526,54955.80181939526,,8.962099916947526,1222.7039216743433,54.526002057031604,31.69540229885057,27.753911655833644,55.68720379146919,55.42390731964192,59.33684517684641,61.84870492543,62.415434216129405,70.38894819400261,75.2537452669452,57.9286826447094,49.61360830399157,55.84129316678911,35.2178804602999,397.1370909615798,502.3566042926162,532.3519702279664,375.421833829432,1474.4673628273886,1653.2673152051523
20220103,0,60100,60950,58860,59700,613009,59423.0,58522.0,56213.2,,59577.70566907892,58133.66791543427,55049.746337823075,,8.72115353072067,172.3176471494371,51.27947118428546,37.69028871391076,29.973117584439876,54.502369668246445,54.502369668246445,55.86663301997119,60.53149497177359,55.90738883863298,65.53810464089852,70.67499811100329,62.08768128193768,15.1815505397447,18.324700521527767,13.942151599135947,263.8624879492927,414.1385259568124,477.9823476223537,442.43716314584407,1430.360616986327,1616.488097154118
20220104,0,59400,60540,57650,59700,803998,59473.0,58634.0,56502.6,,59589.35274821425,58195.09270306431,55141.83056875727,,9.124972591484157,-1413.7277310147765,51.27947118428546,45.4363204599425,38.274003824234605,53.317535545023695,54.502369668246445,54.63355732842035,58.49984558379479,53.643194198542616,60.955394401357545,67.68445583236695,65.15595623614854,-13.362623140650742,-12.32671275467391,-3.9524499155202637,171.49589476016263,334.6524157121632,429.9379726735424,471.1092752651449,1386.9955940885848,1576.042665165664
20220105,0,58550,59700,58500,58980,613206,59422.0,58753.4,56769.5,,59531.31915314623,58225.87338137551,55217.833923831386,,9.499947433621681,-1168.9094837269513,48.59495269798263,41.06806649168854,41.39822522184727,46.91943127962085,51.57977883096367,51.69432049942876,56.529984851465784,42.63341806883064,55.957109022983545,60.685448606475106,66.39904232851677,-32.566642416102546,-23.47727405254379,-9.316264373432237,5.087944041923038,243.1853108394338,329.9608928968519,477.47950115489624,1313.9879305146897,1532.238894813624
20220108,0,59000,60300,58410,58410,1193943,59293.5,58833.6,57014.6,,59424.52685284659,58233.09403308628,55281.045133260464,,9.433134756958852,-294.77955748024397,46.518712523880566,36.8,41.10146231721034,40.96393746254835,47.06696809573097,47.40437276996324,53.78714575892599,31.56531850437751,49.232950765302625,52.62602300781299,66.04116093996038,-55.65553602811963,-20.768662232076732,-7.025309272500242,-178.43071737912396,131.83054006676684,202.40094842341932,451.2360845786251,1221.2981636511176,1490.5485800278989
20220109,0,58700,58800,56500,58000,2309380,59175.5,58897.8,57238.7,,59288.85762876597,58223.953090612304,55334.885823690944,,10.33977564584276,-3275.5253349830746,45.02843562357346,29.813732833957555,35.8939331085487,32.74111892196118,40.20816255471013,40.97156398104265,50.114089519765244,17.666133283466692,40.283090578770086,45.40647177632706,64.0864676319887,-158.17299227847687,-82.84001844167913,-67.62118337070957,-342.0776236622478,-16.012402857998676,67.44770476561098,398.9420183959406,1118.2262472846487,1450.0568062690809
20220110,0,57900,58990,57000,57900,935876,59186.5,58997.2,57444.1,,59156.585473645406,58211.249047843194,55385.68016381587,,11.045219049615019,-2189.0217156997824,44.65269531404834,29.542665727246884,32.05213285373481,25.26944452626905,32.991500303592865,36.70616113744076,46.281995143259145,8.862228359103923,30.874058482864278,37.87521613586583,60.35991065231578,-140.74625015495232,-67.41583054626547,-53.58653481520408,-442.59296940040076,-157.30349432793736,-47.030736331144,334.81105085418676,1019.3762375586011,1407.249787351049
20220111,0,57500,58800,57000,57690,875771,59190.5,59037.0,57628.8,,59016.910666631564,58190.807908712086,55431.31025958189,,11.700273638832117,-1979.1614705998218,43.825642582283024,33.22570666291939,30.860701741374612,19.968801836861065,25.993121761697097,31.943127962085306,41.743909269992145,0.05832343474115496,20.157084330103984,29.655931050810874,54.982786223450915,-123.94796701734455,-73.3519034354689,-58.26961079130521,-516.067957835985,-294.8162648471669,-152.93799660544755,260.2756464551389,919.9131686084947,1366.7252849558874
20220112,0,60490,60720,58510,59950,13754420,59238.0,59091.4,57816.5,,59105.77631742856,58259.79583386063,55520.789264342646,,10.978365510332338,1147.8615966287034,53.75317420752965,49.240936440862846,37.33643627700971,31.095468076058562,25.44457147972956,34.24170616113744,38.25338640233388,19.49551430566776,15.529503577471411,29.158630083275497,49.220896825492204,17.435695538057782,24.655843665791874,36.843381003496745,-217.1315034971267,-339.26015435497686,-53.885986887537,198.46967964284624,924.6000874364909,1335.5991397110968
20220115,0,59800,60000,57850,58760,1931433,59326.0,59119.8,57971.8,,59072.845239578215,58279.41168351316,55584.932051187345,,10.689245893162742,-151.83291717540123,48.85703785145208,55.541282115240705,46.00264173967432,37.59142822428771,29.551899379069113,35.07109004739336,35.78672985781991,30.682547494199106,15.352949375435728,27.278708862080954,43.79636066937691,-40.546258895941044,-24.97558253104588,-13.503935539224964,-195.246674167327,-342.62334571261744,-70.59582557706017,131.4754801089544,875.6637519161086,1307.7919879812134
20220116,0,58000,59500,57300,58080,606025,59421.5,59168.0,58098.7,,58978.28855009458,58271.59161749304,55634.339337302445,,10.72932811319593,-938.7139290074847,46.26382841978711,54.78010497885135,53.187441178318295,43.00818632537761,37.23169420857463,35.260663507109,34.644549763033176,37.60746944134938,19.341216607012264,23.25234454077492,38.242346757927905,-76.18753219989671,-68.28872668288713,-50.69318476289198,-271.0214042034713,-328.4121018208622,-137.12808294830756,63.129876712214255,800.9581092194567,1276.643928242874
20220117,0,58800,59900,56300,56540,1262508,59391.0,59204.8,58187.6,,58746.07059294272,58203.68606386586,55652.273211811305,,11.294665344808259,-873.1833677207032,40.96132510112904,29.338874895859348,46.55342066331713,25.08528835262919,35.2283009674315,31.34685873041813,33.57268928162865,37.60746944134938,25.090264823461357,19.23435888685227,33.06096054297505,-117.09438144769393,-116.89883654197304,-94.14639899360478,-526.3519979315824,-345.1639075270985,-310.54078507168015,-19.145540815032696,667.3176931288472,1232.8175762030926
20220118,0,56600,57900,54700,55480,2366757,59206.0,59194.4,58242.1,,58435.016250757704,58096.87484567505,55648.86186108237,,12.549085823973732,-3599.871458046313,37.75380125737212,15.806310983046345,33.308430285919016,16.197523785633656,28.09699948788015,27.84559695901418,32.75318308101443,37.60746944134938,32.600094024783004,16.940037617317575,28.600212369163124,-185.62300319488838,-188.98071625344377,-167.87586879648865,-812.6216676454642,-404.4746494889943,-527.424915965239,-114.41063068859836,502.19355815013114,1179.2380180288974
20220119,0,55490,58070,55000,58070,2296676,59018.5,59186.6,58297.5,,58400.25279830459,58095.82093015838,55696.80519056589,,13.583575741298468,-3121.3183926111233,48.388414064560216,27.32386018166675,24.15634868685748,22.21539362013462,21.166068586132486,24.594945556704015,30.823830960127736,32.0917989302023,35.11935094968991,22.303079561525198,25.71228834231289,-97.33944216702825,-118.62745098039258,-103.28638497652616,-584.7205810357773,-477.99246499672444,-484.7281533779678,-190.75830866653027,463.96006036701147,1120.6139539371554
20220122,0,58900,58900,56000,57000,1318326,58859.0,59130.6,58321.6,,58266.89538894225,58052.847560348244,55722.61102837646,,13.915428382248802,-978.2729079523997,44.97017727589891,40.257495174125275,27.795888779612785,32.91343283582089,23.775450080529723,21.848182051646667,28.1792493609784,30.852380093917162,35.15331746963352,26.45931817648504,24.285301097390292,-71.03709577936354,-93.28029577151278,-84.396970697872,-574.1803002120723,-553.7791902056736,-531.108431654291,-257.2645460465194,383.4893183737513,1055.9400464354148
20220123,0,55300,57990,54310,54700,2889843,58528.0,59075.4,58321.0,,57927.19106618584,57921.36334229537,55702.361305042265,,14.993984366477855,-2652.8053496734938,38.64987823187508,38.2641396923977,35.28183168272991,31.060916944140455,28.729914466698656,16.698591251466233,24.466834909849847,27.10165781642696,33.052155144649035,27.1690735494764,23.974443909723483,-164.36487638533586,-160.32035467839407,-157.56272401433745,-872.8625650052272,-674.1474223660247,-744.8695222507886,-334.80218892647986,213.88468619896594,983.0531463794355
20220124,0,54000,57100,54000,56980,123070,58327.0,59071.6,58313.9,,57836.98239321576,57884.44713279359,55727.661081180035,,16.124259608383678,-3710.9760140058643,46.65388615001948,37.341279982475996,38.62097161633299,29.076493821657625,31.016947867206323,22.020430331926,22.60154923015142,39.64405445075171,33.45947214652951,25.1182284170969,23.469393701451157,-118.11270864319852,-126.39461207851502,-125.8243973232286,-694.3879285518487,-707.754608490078,-721.9772767380709,-398.0287756078825,159.45315994551493,908.4689185252942
20220126,0,55980,56000,53550,55440,4239599,58099.0,59011.8,58308.3,,57608.69835576664,57788.58646091934,55721.964822146765,,17.362484595116378,-4699.408012005035,42.61021046088068,34.3733911734657,36.65960361611314,25.59643803365205,28.57794959981671,25.147405267818137,22.06191089191221,47.752975362713144,35.488573330802254,24.61750881197096,23.13674369518741,-150.60112041291555,-158.78267458012405,-159.01979925408693,-776.7753785374589,-700.5853506684768,-818.6630983250943,-483.0040102120555,45.6976935794155,828.9913022130859
20220212,0,19730,19900,19150,19510,12185344,56074.5,58176.4,57958.9,,53980.250893312674,56287.46542323623,55004.89621180723,,22.118061472134755,-64452.349724575746,13.408889804112818,32.349696570569684,34.68812257550379,23.857026624142986,26.17665282648422,18.023447174629275,20.747611215497262,33.77313156819245,35.82483985840028,22.38753305888443,23.0286422599511,-466.66666666666583,-636.4173913043478,-834.1183643166552,-5928.368699812832,-1769.3149744238879,-3751.2954303568185,-891.970632965362,-1573.6969877954762,659.6488382895934
20220213,0,19890,20550,18780,20190,26059251,54084.0,57375.6,57611.8,,50762.131760616234,54871.87854389363,54315.49232642491,,26.334208148057765,-55154.871192493505,14.601708330773448,13.276261534734388,26.666449759589923,10.195929137938204,19.883131265244415,13.70675338820297,19.119325482808524,24.445641583794178,34.54349215637569,22.755202918789468,23.46874776394325,-232.17485531338502,-331.7842666460122,-489.3866894722103,-8743.28833733601,-3403.136581848675,-5951.947024622619,-1538.06162648473,-2973.829194060825,414.9716265647516
20220214,0,20200,20620,19600,20200,8674863,52064.0,56523.6,57242.3,,47851.45254531945,53512.19703236839,53639.93802293135,,30.22642800926641,-46538.461022137286,14.620334832029428,2.7357728478932906,16.120576984399122,2.537914666843481,12.196956809641557,13.408953937049564,18.461398019925188,21.901812072468427,33.50352300758398,23.12864606558739,24.242323819976974,-153.93138905326902,-220.10962540443592,-330.4056254422061,-10108.411040418112,-5250.246276931252,-7607.478079678476,-2348.8324369965962,-4203.942221361212,104.36397015087398
20220216,0,20450,21070,20040,20410,15909069,50099.5,55673.0,56851.9,,45237.98087433665,52214.07165855003,52981.919448219836,,33.68514178663957,-39085.823733260535,15.039421208808207,3.893674699538616,6.635236360722097,3.544746463201399,5.426196755994361,7.086777259881186,15.474667405516225,10.421773927858188,27.659066903005282,17.217826559670428,23.60666719474513,-114.44648811927087,-163.87258237937945,-246.2349522348399,-10501.612244737029,-7211.691140168288,-8801.099526463797,-3268.1296159408803,-5271.373777691704,-261.48945808281456
20220219,0,20040,20880,20040,20600,7436709,48144.5,54817.2,56433.7,,42891.50650535221,50974.30414252846,52340.693320532315,,36.89680457991466,-33704.991771366185,15.443823328458834,29.186995069420195,11.938814205617367,3.895875371970355,3.3261788340050784,3.1393971688199485,11.07306578571659,3.677793000772142,18.844030430617075,12.954286409327064,21.91853822385038,-91.73792388305489,-131.41518690849236,-197.48890692173555,-10286.56758433078,-9113.649581326952,-9620.818898999707,-4283.250809898851,-6192.40903841993,-673.362080420095
20220220,0,20250,20850,20040,20080,4777830,46199.5,53965.8,56007.2,,40718.98207627105,49762.76280360577,51701.86771022474,,39.879062887955804,-28811.421518313873,15.230157640501858,46.87463580567021,26.651768524876342,3.8211051641445866,3.7539089997721136,3.5889162055955053,8.186159591909833,4.922229680703909,13.073850053119369,12.76026096202457,20.117436650418902,-77.09162259476572,-110.32854359456667,-165.6702129581128,-9809.333401048141,-9889.842521574015,-10194.891696297076,-5357.004505970272,-7011.069207990135,-1124.9896057131384
20220221,0,19850,20550,19820,20000,6391943,44279.0,53146.4,55582.2,,38745.745688054754,48595.59563483692,51074.10795358662,,42.65943178864086,-25088.36130141189,15.195327009838039,54.485141946152545,43.51559094041431,3.5145790107304387,3.7438531822817933,3.5090385139052693,6.146616617050294,5.525875368815726,9.289896810123677,6.910768965250622,17.841504218938116,-66.7174736657688,-95.29251958056476,-142.92427022329568,-9128.196823485378,-9966.824218803888,-10534.864495361431,-6444.781725204787,-7718.030794461003,-1610.4011074920054
20220222,0,20000,20170,19170,19170,20261262,42337.5,52309.8,55160.9,,36881.38895585906,47441.65070798057,50442.343439654214,,45.27555744935581,-22244.309686924476,14.81672582146858,27.99314776856885,43.11764184013054,2.3668294726714794,3.234171215848835,3.028664660797424,4.070558761799867,5.885324328083209,6.086599261246635,3.4840151387835627,15.19981750978969,-60.423211655816566,-85.40283629189854,-127.4673906488057,-8457.166395447544,-9636.575289809774,-10747.380340835083,-7558.715398993345,-8355.671411632691,-2125.711361949849
20220223,0,18900,19440,18650,19000,7134608,40392.5,51487.2,54709.9,,35178.39953149153,46326.29185668721,49819.72277748284,,47.733188479926895,-20125.12258879241,14.73574178169575,14.301983872771828,32.26009119583107,1.6028583453946512,2.4947556095988563,2.421992593809237,3.1376018285854763,5.811501711430954,5.164544817961188,3.9079948396543402,12.889875232385931,-55.509958963066744,-77.37576331906897,-114.89806538367662,-7725.426688671421,-9081.338178596652,-10804.965344088403,-8668.30453741149,-8902.124059403148,-2671.640481218718
20220226,0,18370,18950,18010,18180,8890943,38417.0,50694.8,54257.2,,33559.504338016144,45222.51570544457,49193.19361357229,,50.051244020083764,-18132.962218964924,14.328914473192143,7.226994252510579,16.507375297950418,0.7524661793891809,1.574051332485104,1.6336927101632575,2.8364609368541385,5.151208121190083,5.459227842044776,3.8384451207017256,10.525280507624963,-53.014730362712754,-71.68846307100337,-105.50415658121736,-7079.242105393332,-8439.873082809165,-10792.361396847118,-9450.645200354855,-9393.671576080225,-3242.1591105518473
20220227,0,18010,19060,18010,19040,5396253,36371.5,49913.4,53835.5,,32176.694401062225,44195.75038366243,48596.100670729276,,52.144949067141134,-15592.539044827077,16.919549423253514,20.744054619964647,14.09101091508235,1.2872009778286133,1.2141751675374817,1.496082113271934,2.4178941183894245,7.2999447580208825,5.9347708575081715,4.611746843753464,8.210668104895722,-47.8626414159332,-64.17588521455107,-94.59744383834287,-6271.813090921303,-7732.369020783796,-10590.892647335037,-9966.08360287846,-9764.124821935242,-3829.1081622826637
20220228,0,19370,19370,18430,18790,3021069,34373.0,49186.2,53435.4,,30901.771124770585,43199.44644704822,48005.88085546731,,53.91396536121751,-12707.890609851784,16.760879361253927,27.549402568810354,18.506817147095195,1.662477652614781,1.2340482699441917,1.2858156408972754,1.9732495437878257,9.96871017046452,6.823337817837929,5.360165860800047,6.728460517536924,-44.62786678017699,-58.396119814249644,-86.07620428548408,-5557.190711002866,-7018.167798287293,-10332.29584760523,-10268.841132648096,-10073.17022427501,-4425.801935471767
20220302,0,18460,19000,18320,18500,2154550,32394.0,48422.2,53043.4,,29720.650065268626,42230.84070402673,47421.60598704222,,55.565193784203096,-11258.191951301531,16.566796401884204,36.97600882640253,28.423155338392508,1.9538321648448875,1.6345035984294274,1.333781718685993,1.6342729553655393,26.979450903882814,11.042163132997851,5.919090123570799,5.8490609818173915,-49.15637904724709,-55.00271311007271,-80.24339797967681,-4934.2712657057455,-6313.588772338933,-10035.07845924022,-10405.94990295659,-10328.609904310819,-5027.513238941819
20220305,0,18220,18980,18000,18070,3276602,30470.5,47637.6,52624.3,,28611.06434476685,41283.35675484921,46840.386066506726,,57.12475992655669,-9821.307386829889,16.26603136321539,25.162111475980094,29.895840957064326,1.8551128812074122,1.8238075662223603,1.2008052554326245,1.3900354876902168,41.224879461933746,18.12483868309841,6.4312517038936265,5.057934824551023,-107.43455151695197,-52.40384199742371,-75.30949132707481,-4412.921757739932,-5651.087786152636,-9722.157958848944,-10417.209798495393,-10541.739191152155,-5638.940975137328
20220306,0,18670,19180,18240,19180,7291260,28655.5,46847.2,52234.9,,27712.867740503345,40416.55845073747,46292.65564934818,,58.43775614034623,-8175.406331568476,20.288996774088105,41.83553672604768,34.65788567614343,14.002141828854327,5.93702895830221,1.698215720850445,1.4029400898276543,60.52023306729923,29.198643672320237,8.503674907069412,5.257048067278372,-50.016431153467224,-47.10648287970489,-68.59308734363371,-3755.037497444944,-4986.246864562958,-9277.65149319938,-10315.29422037343,-10651.681603756133,-6252.0060263667665
20220307,0,20020,20020,19070,19200,10565557,26712.0,46031.2,51841.2,,26902.118431883977,39584.53655070855,45756.16741866802,,59.07993588566393,-5477.491141344406,20.363238816757402,50.21560550215606,39.07108456806128,26.60152008686211,14.152924932307949,1.8026901457974494,1.4642616963327573,77.12705975053667,43.1640666708234,10.720979293864467,6.161668586663485,4.703196347032247,-41.600220222500674,-62.458902951472616,-3196.127236144137,-4371.109693607525,-8822.067778024371,-10124.983474002642,-10716.010451733073,-6859.222422918547
20220308,0,19100,19620,18900,19000,3823527,24812.0,45191.6,51445.6,,26149.5357240855,38777.29982322978,45226.34232126865,,59.69935381209564,-5109.278121152347,20.161016654828572,65.01409265014094,52.35507829278155,36.69923995656895,25.767633957428462,1.920170672945897,1.5911327027424818,92.38543781933308,59.64741220059712,13.019803360763275,7.300644651802102,-14.300758213984736,-40.88287340552639,-59.64918981370965,-2752.0545359132702,-3810.0824585896057,-8380.547000858489,-9862.00199178302,-10749.062298427423,-7465.251059494822
20220309,0,18830,19620,18830,19260,2881495,23040.0,44369.6,51052.2,,25493.389464648786,38011.91551643646,44712.15732480788,,60.28462839416676,-4449.381246702018,21.255800803936978,57.0957095709571,57.441802574418034,38.47041259500543,33.92372421281217,2.316382163154329,1.7876527916361489,94.38487796831298,73.12849761348315,15.892843669912413,8.807444470453436,1.9024920555281717,-38.65690416615394,-56.13469491508851,-2330.7016771632225,-3289.368540881101,-7918.380614180282,-9541.270355126564,-10734.883858411398,-8064.1722568276455
20220312,0,19100,19180,18500,18930,1703965,21137.5,43594.6,50652.0,,24868.30475372985,37263.605104027185,44201.6195559998,,60.87804183403238,-4499.4696400303,20.864733400416057,50.21507768754403,57.44162663621402,36.318289616549514,37.162647389374634,2.758672600134351,2.0992262605764944,97.5694835068512,84.39741842246664,17.756577411952698,10.450548291478343,-34.55229495861545,-44.87687664029071,-54.5165543713831,-2024.742715595301,-2811.732732452175,-7492.371272889031,-9174.604785797888,-10703.87189948879,-8571.404196366164
20220313,0,18900,19550,18400,18960,2750050,19313.5,42821.6,50251.1,,24305.60906289844,36545.81666857514,43701.785505385946,,61.12051843562174,-3620.973977168833,21.007016939575465,45.2360612673835,50.84894950862821,38.00954592363261,37.59941604506252,2.6869186431146623,2.2969668450293375,96.4791521667556,91.58920224235791,20.01156922385167,12.281973711859795,-7.162748526649508,-43.58670634347378,-51.49644899200748,-1750.4926282845263,-2410.823758620091,-7070.8269596507125,-8783.486376055185,-10642.836038798858,-8997.46013218494
20220314,0,18960,19410,18820,18850,1465807,19280.5,42018.6,49864.6,,23786.027247384303,35851.86307372906,43209.67094092286,,61.34567527995471,-2787.9776947161445,20.85892459209832,36.73906402667583,44.06340099386779,36.483048227780074,36.9369612559874,7.637580860487614,3.4639449879673707,94.7392797378021,95.111646239811,30.667967827031376,15.375583424792367,24.366994340185123,-34.04296125815138,-48.909838680651774,-1526.850018572437,-2076.9683151057516,-6668.752902730084,-8376.426048846835,-10561.3217680483,-9350.647884778671
20220315,0,18600,19100,18600,19010,4264387,19221.5,41258.8,49487.4,,23331.16750953818,35191.39785515145,42730.46953615211,,61.599056421550294,-2889.6951668995534,21.723320312866022,40.484382378735745,40.81983589093169,42.2725219119906,38.921705354467754,13.728387865735977,5.825588426525387,95.58836620060228,95.75223191606483,42.07996073281808,19.831672053407924,5.040823571174337,-44.296393234588386,-47.32378663401172,-1304.7484200314648,-1787.5070919293903,-6264.976899128684,-7957.525875501108,-10450.513068680306,-9638.377845389146
20220316,0,18900,18900,18010,18410,21947436,19132.0,40503.6,49072.5,,22862.484889582163,34533.3038216161,42248.876079990674,,61.954076529103716,-3141.167285913907,20.80560705898921,37.61975729188844,38.28106789910001,36.48917887180423,38.414916337191634,15.769240098338102,8.516160013562141,90.38060101163664,94.95137652472957,50.34432767040168,25.061753648824457,-108.34016953787238,-94.50669352469689,-47.669162275589095,-1201.2270976581567,-1561.6121760283772,-5925.09567808338,-7535.630066527157,-10346.22578065511,-9869.145442179992
20220319,0,18430,18430,17970,18230,8454270,19023.0,39725.2,48646.8,,22421.295852479103,33893.95857370959,41773.254771476,,62.29203395270698,-3138.143387926204,20.525464093482228,30.809907392185874,36.30468235427002,27.659985510746196,35.473895431513675,16.970956128368627,11.358616719208996,85.2483720287396,92.48715422910723,58.09307540368226,30.98326566255168,-156.8763669111032,-121.11674535175143,-47.41891869878968,-1114.5313044639624,-1379.5698938021094,-5605.643488625283,-7127.629177130035,-10230.275673503282,-10047.99024581961
20220326,0,18750,18750,18010,18210,5136668,18903.5,38905.8,48248.2,,22020.220057004903,33278.90137474059,41306.65566709034,,62.25984638412388,-2332.694332508181,20.49244726681556,19.698796281074763,29.37615365504969,14.895757868469772,26.348307417006733,18.115177506556364,14.444268491897338,79.44239323781082,89.0798024433183,65.72765226654809,37.571746775774784,-107.29249535932142,-104.18353576248302,-45.644648254148954,-1018.818316611847,-1233.2350314675737,-5293.07389872364,-6735.518746096621,-10097.588444534893,-10180.187893045937
20220327,0,18290,18850,18170,18690,4501819,18834.0,38043.2,47860.2,,21703.056242052055,32706.787595339,40858.80109942518,,62.117992916164475,-1828.023713578441,23.66607416166383,32.27972567616345,27.596143116474696,19.837398373983742,20.797713917733237,17.57771822316874,16.432295964433564,81.18226566676432,86.36839962911074,75.05649181644654,44.96720279409155,-45.31576294376102,-59.099168021420425,-43.1601831818712,-850.0626784733322,-1097.8775634477527,-4949.5726656243605,-6354.299375515051,-9929.352615585412,-10267.614626598866
20220328,0,18600,19000,18380,18750,8059014,18771.5,37214.4,47476.5,,21421.81279042805,32159.462591600215,40421.00305785241,,61.80991627631468,-1275.4488973529515,24.07404810267866,52.03721205525485,34.67191133749768,28.29268292682927,21.008613056427595,17.044425290815134,17.095503449449392,81.18226566676432,83.48717952234315,84.5460132045566,53.31588226816703,-17.71365149833541,-21.98621203651919,-41.54163487892405,-703.4750355936994,-977.6228865601995,-4619.256056607839,-5987.729980229225,-9747.905039872148,-10314.602458847143
20220329,0,19000,19000,18300,18500,9191322,18738.0,36358.0,47113.5,,21143.544905625382,31623.797391929616,39986.92378938009,,61.55027807790011,-1118.9561977311023,23.510222229557783,63.63376005956983,49.31689926366271,33.00813008130081,27.04607046070461,19.19159733700998,17.77997489718377,81.74984619984662,81.76102855998514,92.76956988581112,62.41063235091197,-48.77526753864431,-39.7240819638866,-43.56469664245044,-620.728518092139,-861.523170646996,-4327.762917844375,-5636.106829668706,-9568.410982158071,-10324.310203629248
20220330,0,18350,18760,18180,18600,4631164,18718.0,35510.0,46758.5,,20901.302533661063,31113.060239304927,39563.42034800622,,61.35091913419092,-1304.8195980552264,24.274206443629595,62.26014187179235,59.31037132887234,31.544715447154474,30.94850948509485,23.660519445585905,19.117887560627228,88.17778724465556,82.34691160316832,93.41340352244887,70.25381181283916,-59.544383346426656,-55.2268244575937,-51.12434951062946,-530.4458127608887,-744.7060723063812,-4042.0886590656555,-5299.580351825922,-9376.39575677902,-10302.769700009456
20220403,0,18590,19370,18590,19150,7691831,18766.5,34693.0,46390.5,,20734.51181616953,30643.920622077283,39159.194202501145,,60.36020031875404,-292.70251261876547,28.50391661990541,64.23964564741264,63.37784919292494,42.70017245627002,35.75100599490844,33.523230031454645,22.199498065606882,95.07409737567995,85.47325243074216,93.41340352244887,76.67049216154301,68.05194805194722,66.41744548286691,-8.95538763251358,-374.94840897600807,-615.9320907792135,-3728.3314630530913,-4972.8668585284795,-9154.85655497016,-10251.752273936963
20220404,0,19400,19500,18150,18600,12924621,18744.5,33865.0,46044.4,,20531.22497653434,30171.610009446802,38752.08144601597,,59.63643725161762,-452.3164393875195,26.88662705828075,58.198653198653204,61.566146905952735,46.809559004680956,40.35148230270181,34.66957149486928,25.61786871994699,88.46932119803614,86.93066353699652,93.26511880098707,82.03559105286618,6.614785992217749,-5.65681961030798,-41.968404865091486,-343.01332874134823,-514.5222208328166,-3483.8968341195687,-4663.857962416356,-8954.339641806633,-10175.403926020062
20220405,0,18630,18900,18380,18740,5781338,18742.0,33039.8,45701.9,,20360.63212162631,29723.311577703793,38355.8026055008,,58.964371546419514,-733.4140909035923,28.006392880824535,52.901234567901234,58.44651113798903,52.810382304053185,47.44003792166805,36.13525498891352,29.436034659566666,84.47237949802467,87.5886863032486,94.76163116332653,86.61916052282172,-3.8592508513058243,-22.588907083175283,-49.23974540311201,-289.46069477150013,-431.7193526683768,-3241.5176025150176,-4365.682620686537,-8743.876473725086,-10075.522663940781
20220406,0,18660,18960,18170,18320,8178209,18733.0,32194.2,45330.5,,20166.286205280947,29276.122888382077,37959.054039055234,,58.44033153867254,-687.2120779173711,26.68595181125366,29.876543209876544,46.992143658810335,36.35596471039509,45.32530200637641,34.73170731707317,32.5440566555793,80.22527908256157,87.28377287979158,94.89366120170322,90.2649116397161,-55.593477436480676,-67.48504102152933,-72.16984868890144,-304.858645615619,-368.54537817307283,-3048.1832461010235,-4081.5203715171747,-8548.91134009901,-9958.70209373761
20220409,0,18260,19300,18210,19300,12674823,18794.5,31386.2,44954.1,,20083.78275715895,28884.90238295533,37589.567820460084,,57.4472838424149,-419.03892392917624,34.45172308726694,47.1604938271605,43.31275720164609,52.60472684151017,47.257024618652814,41.5609756097561,36.12414788841335,80.51099705099827,85.75041484106013,94.89366120170322,92.74455781287318,90.6022247794401,38.76368319381929,-0.07344031138705374,-161.8427524338258,-294.82476610766025,-2783.7966905504472,-3802.7117928312637,-8309.08511586974,-9824.984019522979
20220410,0,19400,19950,19160,19310,9459060,18801.0,30578.4,44606.2,,20010.08916123905,28509.416014996295,37227.59618045098,,55.61853704981223,1082.25235091785,34.52793310341791,54.074074074074076,43.7037037037037,58.91892366203609,49.293205071313785,43.1219512195122,38.04389212602486,80.51099705099827,82.83779477612379,94.89366120170322,94.03801381251652,217.58003766478208,151.43131604226744,105.05645557191899,-66.24760344767492,-233.08460500199362,-2544.13432719258,-3535.440866338844,-8071.264360032448,-9676.217467389924
20220411,0,19300,19310,18900,18900,5372135,18786.0,29776.8,44265.1,,19904.36638397819,28132.57617127095,36864.67348380839,,54.09786149219548,214.78772935815505,32.84196834570922,63.54695519489527,54.92717436537662,67.19152307387601,59.57172452580742,46.048780487804876,40.31973392461198,82.70934838693302,81.68580021390315,94.08934827309488,94.20298611092699,89.99099099099183,59.32797361368843,37.44824990590998,-63.58740596849384,-177.19942044742274,-2360.0782382120015,-3284.421108739307,-7853.68790415526,-9516.151025486806
20220412,0,18860,18990,18200,18690,5768997,18770.5,28982.4,43908.0,,19788.712442646935,27762.279066515228,36504.778959376534,,53.13415885164737,-717.3248034072967,31.9806082438742,44.88972118185601,54.170250150275116,50.33670033670034,58.81571569087081,45.809312638580934,42.25454545454546,80.20196312834227,80.8317169399667,91.72867231792742,93.99239471036181,-23.184713375795845,-37.130911375404004,-43.53795379537875,-89.36330930905751,-137.1799433549342,-2205.7314079484495,-3048.6398298619815,-7646.237387656722,-9346.282441496138
20220413,0,18410,19380,18410,18970,3961849,18756.0,28201.8,43549.8,,19710.739829061513,27417.48380900483,36157.5556136463,,51.69455873517084,-121.99268863482575,34.44924226294431,38.0749063670412,48.837194247930825,44.27262313860252,53.933615516392955,52.495688593249575,45.807341709780744,85.18952791085067,81.82456670562449,91.5175124918528,93.7554083315373,46.43034455366989,46.39055454841217,33.07801418439786,-61.49699260698981,-88.50761275320838,-2037.3316815830076,-2825.889054586132,-7427.668025088111,-9167.661996289986
20220416,0,19030,19990,19000,19980,20062951,18808.5,27443.4,43220.3,,19736.383654865178,27125.81777727915,35837.207977732505,,49.562640402837275,785.4348383130055,42.54896002409958,57.551607976063444,46.83874517498688,61.76823139508034,52.12585162346107,59.42106893616191,49.3793603750619,85.18952791085067,82.76027287759499,93.26381125344318,93.75524488809431,194.2710912993228,203.95953870980327,199.84239558707688,102.35981323537635,-35.667099619367946,-1801.6073184011584,-2611.8085940692504,-7169.062338753516,-8979.203139106941
20220417,0,20010,20360,19420,19750,9782035,18848.0,26684.6,42860.8,,19737.680449639924,26836.57002130742,35518.64940391602,,47.13175523407072,1390.3727185540047,41.29752770026814,71.73353334712738,55.78668256341067,73.77974928895118,59.94020127421135,61.243295693994334,53.003629269958324,82.53621950575368,83.16531736854606,93.0879174539146,93.54603067441782,180.97396799230887,203.16178943827808,219.39306788317535,165.64521219048402,10.711463508263842,-1614.7394290888697,-2404.1244379547284,-6928.201418432389,-8783.51915853761
20220418,0,19910,20190,19410,19570,11794075,18884.0,25877.0,42484.2,,19721.71088300755,26551.606491060073,35202.834564234516,,44.88359602057541,1103.1766159034305,40.29859175442668,78.2088419891027,69.16466110409785,78.70270181651256,71.41689416684802,65.55924630119914,56.90572243263718,81.83762005147115,82.99097170145369,93.72489134778068,93.3999344426775,123.80781427631167,154.04554154045513,171.00499518811986,171.9160600327741,57.812156708517435,-1464.2903485269453,-2206.654743067165,-6701.663557896234,-8581.043479495454
20220419,0,19780,20770,19250,20770,25682256,18972.0,25117.2,42118.5,,19821.547941768735,26324.876824743995,34917.03585999225,,42.0853826027228,1088.4370993457997,49.13240506009985,78.39506172839505,76.11247902154172,78.88386123680242,77.12210411408871,78.28651902847189,63.401163710615364,88.34194701007337,84.6189684777999,93.7248913477807,93.25383821093719,160.63233044365145,198.02301085723525,236.9888105761933,340.1669440165133,143.7182073736316,-1234.0035720351043,-2005.079223726507,-6430.165018544914,-8369.926220886655
20220420,0,21440,21610,20900,21250,35466613,19114.0,24380.6,41774.3,,19957.590994933616,26125.862047303053,34646.40148652706,,39.56471675952337,3068.660370867823,52.18040008711922,83.21094082588336,79.93828151446037,84.61625646256725,80.73427317196075,86.2074869494398,70.14352338185341,92.24166729891141,86.02939635541205,93.7248913477807,93.10774197919687,212.79556510917482,252.73788063809647,326.73946041227885,497.86475282220636,255.59055645947083,-1001.226142338819,-1807.0158294807707,-6150.113360633008,-8150.62204955877
20220424,0,21450,22520,21060,22520,32644607,19328.5,23700.2,41452.5,,20201.629947797082,25984.455692506857,34406.27472441761,,38.031461808599246,3338.851746458138,59.15417449463033,95.40229885057471,85.6694338016177,96.53179190751445,86.67730320229471,86.30649685042991,75.52060896470701,92.24166729891142,87.4398242330242,95.29016488612768,93.25784405582598,211.45453493083264,250.61246710824813,336.2811203319503,755.5219927921353,386.2229923708226,-706.1301373934257,-1602.793141725309,-5829.946531823047,-7922.877267127528
20220425,0,22900,23330,22220,22340,23004626,19535.0,23037.4,41115.9,,20405.284238483073,25841.535861428158,34167.33859126083,,37.21696759140047,4674.730068392688,57.86610389898316,87.31406355645707,88.64243441097172,90.13644307030513,90.42816381346228,87.68929484961197,80.80980879583055,93.42148097467424,89.61687652680831,97.20200958764727,93.94201121454094,189.77262266408871,232.9257749783875,310.10739427573094,856.7194053128187,524.4378309952896,-481.241470984427,-1394.0335009222451,-5536.515983655969,-7688.911208448852
20220426,0,22610,23000,22000,22890,18344443,19745.0,22333.8,40760.2,,20641.92383481802,25725.789357058424,33944.024955790315,,36.1932745958878,3424.0543443365896,60.68323411804885,88.3169934640523,90.34445195702803,90.76227390180878,92.47683629320944,92.60133181185813,86.21822589796234,98.33771356491886,92.91689522949787,97.41316941372189,94.67896832977459,142.3093531393034,185.82066757249274,248.7123824117827,962.2802943943461,682.5106778676039,-255.6877697125965,-1177.361985562706,-5236.787608610983,-7448.2654654740145
20220427,0,23000,23470,22530,23420,15746902,19978.5,21662.2,40396.4,,20906.502517216304,25635.366245016918,33735.62842201229,,35.593465522016835,3672.046580859933,63.234268857482924,87.66848503344268,87.76651401798402,90.44601836733693,90.44824511315028,92.41336188704611,89.04359446967719,98.33771356491886,94.91604854046696,97.41316941372189,95.19763809980942,132.8279024618832,172.43896143199225,233.37268791814273,1063.3469491628603,827.1466788968734,-33.77888387612256,-954.7450080397188,-4933.233997771578,-7201.423145529157
20220430,0,23580,24200,23270,23380,14908092,20222.5,21035.8,40055.6,,21142.073706052848,25546.920509918215,33530.566473061546,,35.53296654740557,4508.897069308514,62.902545834608965,87.05183710038413,87.67910519929303,92.28581164899067,91.16470130604546,91.6806400634152,90.13822509247225,97.9034146774109,96.04839801616686,98.06376236918075,95.8196187142177,124.4722532588455,159.57626988159583,217.59013015913806,1076.1082908920362,942.7953865108393,137.27541566956643,-739.3135931429715,-4651.300924937081,-6951.225610527319
20220501,0,23500,23510,22570,22570,17933227,20421.0,20347.6,39709.6,,21278.066686428767,25430.17852913711,33313.5255528029,,34.60653236476297,2807.6260594072955,56.44512270057337,65.94963864524449,80.22332025969042,86.07263335441702,89.6014877902482,86.29221031134907,90.1353677846561,89.47080726270327,95.49422600892521,97.07417998564804,96.23827979395111,78.70384325546345,107.48809127576342,153.37274317917144,924.2842841592028,976.5478447842528,205.1125402062753,-537.1078187768443,-4421.902662193981,-6699.423556104393
